junc_id	cts_id	cts_seq	pos	query_length
12:4645192-4648745:-	07eb80a14ccf64e225d2db0a55ce9fe5	GACTCTCAGTTTCCTGTTCCCTGAAAATGTAAGCTAAGCTGGCAGCCCTGTCCCAGCAAGGGGGAGGTACATGGAAGGCCACAGGAAGAAACAAGATCTT	50	40
3:138010445-138023658:+	a534b03cc1757cac71b2265687a2b019	TTCAGGCTTCACCGAATGCAGGCCCTATTTCACCATCCTGGGACTTCCAGCCATGCTGCAGGCAGTGCGAGCCCTGATGATCGTAGGCATCGTCCTGGGT	50	40
X:154585475-154586152:+	a2e81236bd05f5b4eaefe0401215f9b2	GGATGCTGCAGATGCGGGGCCAGGGGGCCGGAGAGCCGCCTGCTTGAGTTCTACCTCGCCATGCCTTTCGCGACACCCATGGAAGCAGAGCTGGCCCGCA	50	40
X:154618273-154618950:-	a2e81236bd05f5b4eaefe0401215f9b2	GGATGCTGCAGATGCGGGGCCAGGGGGCCGGAGAGCCGCCTGCTTGAGTTCTACCTCGCCATGCCTTTCGCGACACCCATGGAAGCAGAGCTGGCCCGCA	50	40
12:25245395-25250751:-	782c19c1fd5fc15a4497bcb63bfc015c	AAGGCGGCGGCGGGGCCAGAGGCTCAGCGGCTCCCAGGTGCGGGAGAGAGGCCTGCTGAAAATGACTGAATATAAACTTGTGGTAGTTGGAGCTGGTGGC	50	40
X:153179365-153182177:+	f6fc40c0ecb6c89c6f25677601234995	GCGTAGAGTTCGGCCGAAGGAACCTGACCCAGGCTCTGTGAGGAGGCAAGGTTTTCAGGGGACAGGCCAACCCAGAGGACAGGATTCCCTGGAGGCCACA	50	40
X:152698829-152700622:+	919ded07622fb32611da50a73f1eac36	GGCCTGACGTCGGCGGAGGGAAGCCGGCCCAGGCTCGGTGAGGAGGCAAGGTTCTGAGGGGACAGGCTGACCTGGAGGACCAGAGGCCCCCGGAGGAGCA	50	40
11:1158072-1160612:+	6c053adbd53741847485c0e388fc86e0	GGCCCTGCTCTGGGCCCTGGCTCTCGCTCTGGCCTGCACCCGGCATACAGGCCATGCCCAGGATGGCTCCTCCGAATCCAGCTACAAGCACCACCCTGCC	50	40
7:44141074-44141303:-	8d4375756575ad24ae709a1f73880656	GACAGCAGCCACACCTCTGCAGAGAGAATGGCCAGCAGGAAGGCGGGGACCCGGGGCAAGGTGGCAGCCACCAAGCAGGC	30	40
X:134602122-134658328:-	5b2af75c057382bdf69a0ea144e2116a	GGGCAAATACAGACACAGCAAGTTCCTTCTTCCCTTTGGAAATTTGGCAGCTGCCTTCACCAGTGAGCACAAAGCCACATTTCAAAGGAAACTGACAAAT	50	40
22:22557580-22558971:-	a325437d845b36cf7e58d13be3f1ceb9	GTTCTGGGAAACCGACTCCCGGGAGCAGGGAGGAACGCGCGCTCCAGAGACAACTTCGCGGTGTGGTGAACTCTCTGAGGAAAAACACGTGCGTGGCAAC	50	40
10:79610982-79611319:+	299ad8f1bb1ed9b63c3facdb93c20df1	GACTTGGAGGCAGAGACCCAAGCAGCTGGAGGCTCTGTGTGTGGGTCGCTGATTTCTTGGAGCCTGAAAAGAAAGTAACACAGCAGGGATGAGG	44	40
19:48897869-48898590:-	aebd8794320e2727cb448c41274ed239	TTTCGCAGATATCCCGAGATTAGGTCCCCAGCTTCCAAAGAGAGGATCAGAATGTCTCAGGATAATGACACATTGATGAGAGACATCCTGGGGCATGAGC	50	40
11:118956426-118956883:+	4fc8e89bc671d0934c8ee0b03e8e710d	CTTGCCCTTGATCCTGATTCTGCTGGCTCTGCTGTCCCCAGGGGCTGCAGACTTCAACATCTCAAGCCTCTCTGGTCTGCTGTCCCCGGCGCTAACGGAG	50	40
X:136532296-136535996:+	a9e360f5e159155dd528cecd1ed363ea	TGGCCATCTTTTCCCAGCCACAGAATCAGGTGATGGTCCAGAATTAAGAGCTGTCACCTGTGTCATTCACTCACAATGGAAGAAATGAAGAAGACTGCCA	50	40
