junc_id	cts_id	cts_seq	pos	query_length	query_sequence	query_cts_id
12:4645192-4648745:-	07eb80a14ccf64e225d2db0a55ce9fe5	GACTCTCAGTTTCCTGTTCCCTGAAAATGTAAGCTAAGCTGGCAGCCCTGTCCCAGCAAGGGGGAGGTACATGGAAGGCCACAGGAAGAAACAAGATCTT	50	40	AAGCTAAGCTGGCAGCCCTGTCCCAGCAAGGGGGAGGTAC	52dcb9d5e335e70d
3:138010445-138023658:+	a534b03cc1757cac71b2265687a2b019	TTCAGGCTTCACCGAATGCAGGCCCTATTTCACCATCCTGGGACTTCCAGCCATGCTGCAGGCAGTGCGAGCCCTGATGATCGTAGGCATCGTCCTGGGT	50	40	CACCATCCTGGGACTTCCAGCCATGCTGCAGGCAGTGCGA	dde52f9b214f3e15
X:154585475-154586152:+	a2e81236bd05f5b4eaefe0401215f9b2	GGATGCTGCAGATGCGGGGCCAGGGGGCCGGAGAGCCGCCTGCTTGAGTTCTACCTCGCCATGCCTTTCGCGACACCCATGGAAGCAGAGCTGGCCCGCA	50	40	GAGAGCCGCCTGCTTGAGTTCTACCTCGCCATGCCTTTCG	533edcf076516d19
X:154618273-154618950:-	a2e81236bd05f5b4eaefe0401215f9b2	GGATGCTGCAGATGCGGGGCCAGGGGGCCGGAGAGCCGCCTGCTTGAGTTCTACCTCGCCATGCCTTTCGCGACACCCATGGAAGCAGAGCTGGCCCGCA	50	40	GAGAGCCGCCTGCTTGAGTTCTACCTCGCCATGCCTTTCG	533edcf076516d19
12:25245395-25250751:-	782c19c1fd5fc15a4497bcb63bfc015c	AAGGCGGCGGCGGGGCCAGAGGCTCAGCGGCTCCCAGGTGCGGGAGAGAGGCCTGCTGAAAATGACTGAATATAAACTTGTGGTAGTTGGAGCTGGTGGC	50	40	CTCCCAGGTGCGGGAGAGAGGCCTGCTGAAAATGACTGAA	06ec3cff497888f2
X:153179365-153182177:+	f6fc40c0ecb6c89c6f25677601234995	GCGTAGAGTTCGGCCGAAGGAACCTGACCCAGGCTCTGTGAGGAGGCAAGGTTTTCAGGGGACAGGCCAACCCAGAGGACAGGATTCCCTGGAGGCCACA	50	40	AGGCTCTGTGAGGAGGCAAGGTTTTCAGGGGACAGGCCAA	c655f2dce34f5636
X:152698829-152700622:+	919ded07622fb32611da50a73f1eac36	GGCCTGACGTCGGCGGAGGGAAGCCGGCCCAGGCTCGGTGAGGAGGCAAGGTTCTGAGGGGACAGGCTGACCTGGAGGACCAGAGGCCCCCGGAGGAGCA	50	40	AGGCTCGGTGAGGAGGCAAGGTTCTGAGGGGACAGGCTGA	5f810a48cd3d8d32
11:1158072-1160612:+	6c053adbd53741847485c0e388fc86e0	GGCCCTGCTCTGGGCCCTGGCTCTCGCTCTGGCCTGCACCCGGCATACAGGCCATGCCCAGGATGGCTCCTCCGAATCCAGCTACAAGCACCACCCTGCC	50	40	GGCCTGCACCCGGCATACAGGCCATGCCCAGGATGGCTCC	5e0adbb9fe1aee63
7:44141074-44141303:-	8d4375756575ad24ae709a1f73880656	GACAGCAGCCACACCTCTGCAGAGAGAATGGCCAGCAGGAAGGCGGGGACCCGGGGCAAGGTGGCAGCCACCAAGCAGGC	30	40	ACACCTCTGCAGAGAGAATGGCCAGCAGGAAGGCGGGGAC	1c36ea07975e281a
X:134602122-134658328:-	5b2af75c057382bdf69a0ea144e2116a	GGGCAAATACAGACACAGCAAGTTCCTTCTTCCCTTTGGAAATTTGGCAGCTGCCTTCACCAGTGAGCACAAAGCCACATTTCAAAGGAAACTGACAAAT	50	40	TCCCTTTGGAAATTTGGCAGCTGCCTTCACCAGTGAGCAC	47db3e668dedba0a
22:22557580-22558971:-	a325437d845b36cf7e58d13be3f1ceb9	GTTCTGGGAAACCGACTCCCGGGAGCAGGGAGGAACGCGCGCTCCAGAGACAACTTCGCGGTGTGGTGAACTCTCTGAGGAAAAACACGTGCGTGGCAAC	50	40	AGGAACGCGCGCTCCAGAGACAACTTCGCGGTGTGGTGAA	36a7233af1d21164
10:79610982-79611319:+	299ad8f1bb1ed9b63c3facdb93c20df1	GACTTGGAGGCAGAGACCCAAGCAGCTGGAGGCTCTGTGTGTGGGTCGCTGATTTCTTGGAGCCTGAAAAGAAAGTAACACAGCAGGGATGAGG	44	40	GCTGGAGGCTCTGTGTGTGGGTCGCTGATTTCTTGGAGCC	094b128e95c71b30
19:48897869-48898590:-	aebd8794320e2727cb448c41274ed239	TTTCGCAGATATCCCGAGATTAGGTCCCCAGCTTCCAAAGAGAGGATCAGAATGTCTCAGGATAATGACACATTGATGAGAGACATCCTGGGGCATGAGC	50	40	GCTTCCAAAGAGAGGATCAGAATGTCTCAGGATAATGACA	20441523a1d74d65
11:118956426-118956883:+	4fc8e89bc671d0934c8ee0b03e8e710d	CTTGCCCTTGATCCTGATTCTGCTGGCTCTGCTGTCCCCAGGGGCTGCAGACTTCAACATCTCAAGCCTCTCTGGTCTGCTGTCCCCGGCGCTAACGGAG	50	40	GCTGTCCCCAGGGGCTGCAGACTTCAACATCTCAAGCCTC	8ac28324039643bb
X:136532296-136535996:+	a9e360f5e159155dd528cecd1ed363ea	TGGCCATCTTTTCCCAGCCACAGAATCAGGTGATGGTCCAGAATTAAGAGCTGTCACCTGTGTCATTCACTCACAATGGAAGAAATGAAGAAGACTGCCA	50	40	TGATGGTCCAGAATTAAGAGCTGTCACCTGTGTCATTCAC	3a1603799541d56c
